﻿Designator,Quantity,Value,Footprint,Package,MPN,DNP,Mount_Type,Description,LCSC,Stock,Price,Process,Minimum Qty,Attrition Qty,Class,Category,Manufacturer,Part,Voltage Rated,Tolerance,Capacitance,Temperature Coefficient,Number Of Outputs,Output Voltage,Dropout Voltage,Output Current,Output Type,Maximum Input Voltage,Output Polarity,Feature
"C1, C2, C3",3,1uF,C_0402,,,,smt,25V 1uF X5R ±10% 0402 Multilayer Ceramic Capacitors MLCC - SMD/SMT ROHS,C52923,7796525,0.006USD,SMT,20,10,Basic Component,"Capacitors,Multilayer Ceramic Capacitors MLCC - SMD/SMT",Samsung Electro-Mechanics,CL05A105KA5NQNC,25V,±10%,1uF,X5R,,,,,,,,
"H1, H2, H3, H4",4,~,"Hole, 3mm",,,,tht,,,,,,,,,,,,,,,,,,,,,,,
J1,1,Conn_02x04_Odd_Even,PinHeader_2x04_P2.54mm_Vertical,,,,tht,"Generic connector, double row, 02x04, odd/even pin numbering scheme (row 1 odd numbers, row 2 even numbers), script generated (kicad-library-utils/schlib/autogen/connector/)",,,,,,,,,,,,,,,,,,,,,,
J11,1,5V_In,JST_XH_B2B-XH-A_1x02_P2.50mm_Vertical,,,,tht,"Generic connector, single row, 01x02, script generated (kicad-library-utils/schlib/autogen/connector/)",,,,,,,,,,,,,,,,,,,,,,
J6,1,Conn_ENCODER_1,Hirose_FH12-6S-0.5SH_1x06-1MP_P0.50mm_Horizontal,,,,smt,"Generic connectable mounting pin connector, single row, 01x06, script generated (kicad-library-utils/schlib/autogen/connector/)",,,,,,,,,,,,,,,,,,,,,,
U1,1,MA730,QFN-16-1EP_3x3mm_P0.5mm_EP1.75x1.75mm,,,,smt,"Magnetic rotary angle sensor, 14-bit, SPI interface, ABZ, PWM, QFN-16",,,,,,,,,,,,,,,,,,,,,,
U2,1,XC6206P332MR,SOT-23-3_L2.9-W1.6-P1.90-LS2.8-BR,,,,smt,"200mA Fixed 3.3V Positive electrode 6V SOT-23-3L Voltage Regulators - Linear, Low Drop Out (LDO) Regulators ROHS",C5446,403960,0.093USD,SMT,5,2,Basic Component,"Power Management ICs,Linear Voltage Regulators (LDO)",Torex Semicon,XC6206P332MR-G,,,,,1,3.3V,680mV@(100mA),200mA,Fixed,6V,Positive electrode,Low ESR;Overcurrent Protection(OCP)
